{
    "PySpark pandas-udf": 78.30521297454834,
    "PySpark case-when": 242.83855438232422,
    "Pandas pivot": 23.912136793136597,
    "Polars pivot": 4.541804313659668,
    "DuckDB pivot": 4.098507404327393,
    "DuckDB case-when": 36.58749794960022,
    "PySpark Comet case-when": 94.0553047657013,
    "PySpark-4 polars-udf": 53.060457944869995
}
