{
    "Pandas pivot": 214.66964602470398,
    "Polars pivot": 41.2032790184021,
    "DuckDB pivot": 28.596801280975342,
    "DuckDB case-when": 304.51860308647156,
    "PySpark pandas-udf": 516.3818678855896,
    "PySpark case-when": 1808.9883704185486,
    "PySpark Comet case-when": 651.8351871967316,
    "PySpark-4 polars-udf": 360.16472721099854
}
