{
  "PySpark pandas-udf": 187.10792350769043,
  "PySpark case-when": -1,
  "Pandas pivot": 35.2749810218811,
  "Polars pivot": 11.391130208969116,
  "DuckDB pivot": 9.10414457321167,
  "DuckDB case-when": -1
}